ゼンレスゾーンゼロ	绝区零
新エリー都	新艾利都
旧都	旧都
ホロウ	空洞
零号ホロウ	零号空洞
共生ホロウ	伴生空洞
エーテル	以太
エーテリアス	以骸
侵蝕	侵蚀
エーテル侵蝕	以太侵蚀
エーテル適性	以太适性
プロキシ	绳匠
エージェント	代理人
パエトーン	法厄同
インターノット	绳网
キャロット	萝卜
ボンプ	邦布
イアス	伊埃斯
ディニー	丁尼
ポリクローム	菲林
モノクローム	菲林底片
音動機	音擎
ドライバディスク	驱动盘
変調	调频
調査員	调查员
ホロウレイダー	盗洞客
ホロウ調査	空洞调查
ホロウ災害	空洞灾害
HIA	HIA
ホロウ調査協会	空洞调查协会
ヘーリオス研究所	赫利俄斯机关
ホワイトスター学会	怀斯塔学会
対ホロウ行動部	对空部
新エリー都治安局	新艾利都治安局
新エリー都防衛軍	新艾利都防卫军
治安局・特務捜査班	治安局·刑侦特勤组
治安局・都市秩序部	治安局·都市秩序部
防衛軍・オボルス小隊	防卫军·奥波勒斯小队
防衛軍・シルバー小隊	防卫军·白银小队
邪兎屋	狡兔屋
ヴィクトリア家政	维多利亚家政
白祇重工	白祇重工
カリュドーンの子	卡吕冬之子
オボルス小隊	奥波勒斯小队
対ホロウ六課	对空六课
特務捜査班	刑侦特勤组
モッキンバード	反舌鸟
雲嶽山	云岿山
怪啖屋	怪啖屋
クランプスの黒枝	坎卜斯黑枝
妄想エンジェル	妄想天使
ロスカリファ	罗斯凯利法
算理中枢局	算理中枢局
政務統理局	政务统理局
空域巡警局	空域巡戍局
サンブリンガー	挽昼
ドラキナ・サンブリンガー	德蕾琪娜·挽昼
エルダ・サンブリンガー	艾尔妲·挽昼
リンドヴェルヌ・サンブリンガー	林德薇恩·挽昼
虚狩り	虚狩
初代虚狩り	初代虚狩
マルセルグループ	玛瑟尔集团
六分街	六分街
ルミナスクエア	光映广场
バレエツインズ前	芭莱大厦前
スコット前哨基地	斯科特哨站
郊外	外环
スカモールホロウ	斯卡莫空洞
クリティ	克里特
ラマニアン	莱姆尼安
ハワーラ	哈瓦瑞
プルセナス	珀塞纳斯
ソロブ	索洛夫
パパゴ	帕帕戈
物理	物理
炎	火
氷	冰
電気	电
強攻	强攻
撃破	击破
異常	异常
支援	支援
防護	防护
命破	命破
通常攻撃	普通攻击
ダッシュ攻撃	冲刺攻击
回避反撃	闪避反击
クイック支援	快速支援
パリィ支援	招架支援
回避支援	回避支援
支援突撃	支援突击
支援攻撃	支援攻击
特殊スキル	特殊技
強化特殊スキル	强化特殊技
連携スキル	连携技
終結スキル	终结技
コアスキル	核心技
心象映画	意象影画
状態異常	属性异常
混沌	紊乱
ブレイク	失衡
ブレイク値	失衡值
ブレイク弱体倍率	失衡易伤倍率
デシベル値	喧响值
状態異常蓄積値	属性异常积蓄值
状態異常蓄積効率	属性异常积蓄效率
ミアズマシールド	秽盾
透徹	贯穿
透徹ダメージ	贯穿伤害
アドレナリン	闪能
会心率	暴击率
会心ダメージ	暴击伤害
攻撃力	攻击力
防御力	防御力
HP	生命值
衝撃力	冲击力
異常掌握	异常掌控
異常マスタリー	异常精通
貫通率	穿透率
貫通値	穿透值
エネルギー自動回復	能量自动回复
式輿防衛戦	式舆防卫战
危局強襲戦	危局强袭战
エキスパート挑戦	专业挑战室
要警戒狩り	恶名狩猎
模擬実戦	实战模拟室
エージェント秘話	代理人秘闻
信頼イベント	信赖事件
バトルラリー依頼	拉力委托
探索依頼	探索委托
戦闘依頼	战斗委托
ストーリー依頼	剧情委托
怪奇旅団	怪奇旅伴
レゾブレム	鸣徽
ボンプのプラグイン	邦布插件
ギアコイン	齿轮硬币
調査ポイント	调查点数
エーテル電解液	以太电解液
エネルギー循環液	能量循环液
濃縮型冷却液	浓缩型冷却液
高活性エネルギー供給液	高活性供能液
マルセル製改造ユニット	玛瑟尔改装原件
アキラ	哲
リン	铃
アンビー	安比
ニコ	妮可
ビリー	比利
猫又	猫又
カリン	可琳
フォン・ライカン	冯·莱卡恩
ライカン	莱卡恩
リナ	丽娜
クレタ	珂蕾妲
グレース	格莉丝
アンドー	安东
ベン	本
ルーシー	露西
パイパー	派派
シーザー	凯撒
バーニス	柏妮思
ライト	莱特
プルクラ	波可娜
朱鳶	朱鸢
青衣	青衣
ジェーン	简
セス	赛斯
星見雅	星见雅
蒼角	苍角
月城柳	柳
浅羽悠真	悠真
「11号」	11号
0号・アンビー	零号·安比
「トリガー」	扳机
「シード」	席德
オルペウス&「鬼火」	奥菲丝&「鬼火」
アストラ	耀嘉音
イヴリン	伊芙琳
ビビアン	薇薇安
ヒューゴ	雨果
儀玄	仪玄
橘福福	橘福福
潘引壺	潘引壶
葉瞬光	叶瞬光
浮波柚葉	浮波柚叶
アリス	爱丽丝
狛野真斗	狛野真斗
盤岳	般岳
リュシア	卢西娅
アリア	爱芮
南宮羽	南宫羽
ノルムー	诺姆
ヴェリナ	维琳娜
ダイアリン	琉音
シーシィア	希希芙
プロメイア	普罗米娅
千夏	千夏
ピュロイス	佩洛伊斯
イドリー	伊德海莉
シグリッド	希格莉德
レミエール	蕾米埃尔
スターライト・ビリー・キッド	星徽·比利·奇德
照	照
パイパー・ウィール	派派·韦尔
カリン・ウィクス	可琳·威克斯
ルシアーナ・デ・モンテフィーノ	露西亚娜·德·蒙特夫
ノルムー・ホローウェル	诺姆·霍洛维尔
クレタ・ベロボーグ	珂蕾妲·贝洛伯格
猫宮 又奈	猫宫 又奈
アリス・タイムフィールド	爱丽丝·泰姆菲尔德
アンビー・デマラ	安比·德玛拉
オルペウス･マグヌッソン&「鬼火」	奥菲丝·马格努森& 「鬼火」
バーニス・ホワイト	柏妮思·怀特
エレン・ジョー	艾莲·乔
リュシア・エロウェン	卢西娅·艾洛温
ニコ・デマラ	妮可·德玛拉
レミエール・ダン	蕾米埃尔·丹
星見 雅	星见 雅
ビビアン・バンシー	薇薇安·班希
浮波 柚葉	浮波 柚叶
アストラ・ヤオ	耀嘉音
キング・シーザー	凯撒·金
イヴリン・シェヴァリエ	伊芙琳·舒瓦利耶
ジェーン・ドゥ	简·杜
グレース・ハワード	格莉丝·霍华德
プルクラ・フェリーニ	波可娜·费雷尼
アナステラ	安娜塔莎
ドリシラ	杜苏拉
アレクサンドリナ・セバスチャン	亚历山德丽娜·莎芭丝缇安
シグリッド・ドゥ・ラズール	希格莉德·德拉叙尔
ヴェリナ・エガード	维琳娜·艾嘉德
月城 柳	月城 柳
イドリー・マーフィー	伊德海莉·墨菲
浅羽 悠真	浅羽 悠真
セス・ローウェル	赛斯·洛威尔
ヒューゴ・ヴラド	雨果·维拉德
アンドー・イワノフ	安东·伊万诺夫
ベン・ビガー	本·比格
ビリー・キッド	比利·奇德
狛野 真斗	狛野 真斗
スターライト･ビリー･キッド	星徽·比利·奇德
06号	06号
ペンギンボンプ	企鹅布
オマネキボンプ	招财布
タンケンボンプ	寻宝布
オスモウボンプ	扑击布
ハコイリボンプ	纸壳布
フクロノボンプ	纸袋布
ウルリンボンプ	泪眼布
アボカドボンプ	果核布
ズバットボンプ	飞靶布
ビリビリボンプ	电击布
クッツキボンプ	磁力布
キアツデボンプ	气压布
カチコミボンプ	不良布
サビザンボンプ	加班布
カクトウボンプ	格斗布
セイケンボンプ	圣剑布
キシドウボンプ	骑士布
ブロックボンプ	乐玩布
ユウレイボンプ	幽浮布
ガブットボンプ	鲨牙布
ゴアンゼン	阿全
アクマデボンプ	恶魔布
バトラー	巴特勒
アミリオン	艾米莉安
ハヤスギボンプ	飚速布
プラグノボンプ	插头布
レゾナンボンプ	共鸣布
コサン	阿饭
真紅のモックス	赤红莫库斯
ツェイ巡査	阿崔巡查
リボルバボンプ	左轮布
ガリバー隊員	格列佛探员
カチャコ	咔嚓仔
ロビン	罗宾
オシシ	狮耶
ミス・エスメ	艾丝弥小姐
「マーキュリー」	「墨丘利」
ビャークブリック	比克布利克
メメ	芽芽
ウルトラネイヴ	超极杰克
アリエル	艾瑞儿
鉱区跡地	矿区旧址
算枢局	算枢局
青溟秘境	青溟秘境
サンクン・コリドー	沉没回廊
ロスウィック	罗斯威克
エネルギー区	能源区
中央製造区	中央制造区
労働者団地跡地	职工社区旧址
科学研究院跡地	科研院旧址
旧建築群	旧建筑群
材料研究所	材料实验室
穢暗の灯台	秽黯灯塔
精錬工房	精炼工坊
コミュニティ物流ステーション	社区储运站
機材倉庫	器材仓库
粗加工センター	粗加工中心
のんびりアパート	轻松公寓
航空宇宙科学ステーション	航天科学站
暁光の山道	曙光山道
昔日の丘	昔丘
「町」	「小镇」
試験場跡地	试验场遗迹
カリネス	卡利内斯
ヒルデ	希尔达
レジナルド・アシュトン	雷金纳德·阿什顿
ヴァイオレット	维奥莉特
スペイシー	史派茜小姐
ティン	汀曼大师
ミスター・ガオ	吼吼先生
クロウ	科洛
カット	咔特
メープル	枫糖
フィネラ	菲涅拉
メリザンド	梅丽桑德
ケイティ	凯缇
マギー	麦琪
シャーリー	夏诺儿
「ボンピューター」	「运算中枢」
グリフ・アシュトン	格里夫·阿什顿
ツェッペリン	杰佩琳
ミシンノボンプ	咔叽布
「預言者様」	先知布
「ブースパイ」	「斯派布」
「フォープス」	「富布斯」
「ブディアック」	「布狄亚」
トリヴィア	特里薇亚
クラレッタ	克拉蕾
コーラ	柯拉
ケイデン	凯登
エドワルト	爱德华
ウッドペッカー・エレクトロ	啄木鸟电音
パファー・エレクトロ	河豚电音
ショックスター・ディスコ	震星迪斯科
フリーダム・ブルース	自由蓝调
ホルモン・パンク	激素朋克
ソウル・ロック	灵魂摇滚
スイング・ジャズ	摇摆爵士
ケイオス・ジャズ	混沌爵士
プロト・パンク	原始朋克
炎獄のヘヴィメタル	炎狱重金属
混沌のヘヴィメタル	混沌重金属
霹靂のヘヴィメタル	雷暴重金属
極地のヘヴィメタル	极地重金属
獣牙のヘヴィメタル	獠牙重金属
折枝の刀歌	折枝剑歌
静寂のアストラ	静听嘉音
シャドウハーモニー	如影相随
「パエトーン」の歌	法厄同之歌
雲嶽は我に似たり	云岿如我
大山を統べる者	山大王
暁に咲く花	拂晓生花
月光騎士の讃歌	月光骑士颂
純白の行歌	沧浪行歌
流光のアリア	流光咏叹
雪うさぎワンダーランド	雪兔梦游仙境
獄中の手記	囚徒手记
風鳴りのサロン	呼啸沙龙
夜明けの紀行	拂晓行纪
契る翼の運命	谶羽之誓
棘まとう薔薇	荆棘玫瑰
デマラ式電池Ⅱ型	德玛拉电池Ⅱ型
ザ・ボールト	聚宝箱
Test-A-ルシア-1051	Test-A-露西亚-1051
ハウスキーパー	家政员
なんちゃってスターライトエンジン	仿制星徽引擎
ドリルリグ-レッドシャフト	旋钻机-赤轴
ビガー・シリンダー	比格气缸
恥じらう悪面	含羞恶面
喧嘩腰のボンバルダム	好斗的阿炮
秩序の守り手・特化型	维序者-特化型
グロウル・マイ・カー	轰鸣座驾
ペーパーカッター	裁纸刀
雷鳴が如き八卦	震元奇枢
燔火の朧夜	燔火胧夜
ストリートスター	街头巨星
歳月の薄片	时光切片
密林の食いしん坊	雨林饕客
スターライトエンジン	星徽引擎
まな板の鯉	人为刀俎
貴重な石化コア	贵重骨核
正規版変身装置	正版变身器
双生の涙	双生泣星
電撃リップグロス	触电唇彩
ラビットチャージャー	兔能环
ホットスプリング	春日融融
魔法の立体パズル	幻变魔方
金メッキの花信	鎏金花信
エレクトロウォーク	电波漫步
強音デザイア	强音热望
光と影のカット	光影刻刀
ドンカツエコー	咚哒回声
蒼き波の霊器	青漪灵鼎
炎々沸々鍋一丁	炎炙沸釜
「月相」-望	「月相」-望
「月相」-晦	「月相」-晦
「月相」-朔	「月相」-朔
「残響」-Ⅰ型	「残响」-Ⅰ型
「残響」-Ⅱ型	「残响」-Ⅱ型
「残響」-Ⅲ型	「残响」-Ⅲ型
「激流」-銃型	「湍流」-铳型
「激流」-矢型	「湍流」-矢型
「激流」-斧型	「湍流」-斧型
「磁気嵐」-壱式	「电磁暴」-壹式
「磁気嵐」-弐式	「电磁暴」-贰式
「磁気嵐」-参式	「电磁暴」-叁式
「恒等式」-本格	「恒等式」-本格
「恒等式」-変格	「恒等式」-变格
「灰燼」-蒼藍	「灰烬」-钴蓝
キャノンローラー	加农转子
ゲームボール	逍遥游球
シックスシューター	左轮转子
鋼の肉球	钢铁肉垫
ブリムストーン	硫磺石
セイレーンクレードル	海妖摇篮
猛進するキバ	奔袭獠牙
あられ落つ星殿	霰落星殿
燃獄ギア	燃狱齿轮
拘縛されし者	拘缚者
炎心の桂冠	焰心桂冠
バーニング・シェイカー	灼心摇壶
複合コンパイラ	嵌合编译器
ディープシー・ビジター	深海访客
残心の青籠	残心青囊
啜り泣くゆりかご	啜泣摇篮
刻流の賢者	时流贤者
サプレッサーⅥ型	防暴者Ⅵ型
玉壺青氷	玉壶青冰
磨き抜かれた切っ先	淬锋钳刺
千面の落日	千面日陨
憤怒の銃騒	嚣枪喧焰
優美のヴァニティ	玲珑妆匣
心弦のノクターン	心弦夜响
鳥は夢へと羽ばたいて	飞鸟星梦
甘さ控えめ雪うさぎ	半糖雪兔
奪魂の瞑目	索魂影眸
青溟の鳥籠	青溟笼舍
純然たる犠牲	牺牲洁纯
招福の虎炉	福虓炉炉
十面百錬の星	十方锻星
狸の七変化	狸法七变化
孤光彩雲	云霓孤光
炉で歌い上げられる夢	铸梦炉歌
駆動する種	机巧心种
金剛不壊怒髪衝冠	怒目金刚
昨夜からの着信	昨夜来电
想いが織りなす歌	思络成歌
殻の中の魂	壳中之灵
妄想ディスコテック	霓虹妄想
影を追う白き牙	鳞齿寻踪
スターライトバイザー	辉骑面铠
フロスト・クレセント	朔月裁霜
太陽の抜け殻	日冕遗蜕
金襴の心	琳琅鎏心
エースのオトモ	首席跟班
目覚めし翼の聖歌	空羽复归之诗
栄光の騎士道	骁骑礼赞
ライブハウス「404」	「404」音乐现场
失われた機動要塞	失落的机动要塞
ファンタジィ・リゾート	绮梦度假村
スターループ	星环
流光ホール	流光大厅
スターループ・VIPボックス席	星环VIP包厢
黒雁街跡地	黑雁工地旧址
HIAセンター	HIA俱乐部
治安局駐在所	治安局办事处
H.A.N.D.本部	HAND总部
対ホロウ六課オフィス	对空六课办公室
過ぎ去りし夢	前尘梦隅
コクスイ基地	黑水基地
オーモンド調査基地	奥蒙德研究站
ブレイズウッド	野火镇
ポート・エルピス	厄匹斯港
リバーブ・アリーナ	热望角
澄輝坪	澄辉坪
ビデオ屋	录像店
飲茶仙の宴会場	饮茶仙宴会厅
Random Play	Random Play
協会キャリアセンター	协会俱乐部
ぜんれすぞーんぜろ	绝区零
ゼンレスゾンゼロ	绝区零
ぜんれすぞんぜろ	绝区零
新えりー都	新艾利都
新エリ都	新艾利都
新えり都	新艾利都
ほろう	空洞
零号ほろう	零号空洞
共生ほろう	伴生空洞
えーてる	以太
エテル	以太
えてる	以太
えーてりあす	以骸
エテリアス	以骸
えてりあす	以骸
えーてる侵蝕	以太侵蚀
エテル侵蝕	以太侵蚀
えてる侵蝕	以太侵蚀
えーてる適性	以太适性
エテル適性	以太适性
えてる適性	以太适性
ぷろきし	绳匠
えーじぇんと	代理人
エジェント	代理人
えじぇんと	代理人
ぱえとーん	法厄同
パエトン	法厄同
ぱえとん	法厄同
いんたーのっと	绳网
インタノット	绳网
いんたのっと	绳网
きゃろっと	萝卜
ぼんぷ	邦布
いあす	伊埃斯
でぃにー	丁尼
ディニ	丁尼
でぃに	丁尼
ぽりくろーむ	菲林
ポリクロム	菲林
ぽりくろむ	菲林
ものくろーむ	菲林底片
モノクロム	菲林底片
ものくろむ	菲林底片
どらいばでぃすく	驱动盘
ほろうれいだー	盗洞客
ホロウレイダ	盗洞客
ほろうれいだ	盗洞客
ほろう調査	空洞调查
ほろう災害	空洞灾害
ほろう調査協会	空洞调查协会
へーりおす研究所	赫利俄斯机关
ヘリオス研究所	赫利俄斯机关
へりおす研究所	赫利俄斯机关
ほわいとすたー学会	怀斯塔学会
ホワイトスタ学会	怀斯塔学会
ほわいとすた学会	怀斯塔学会
対ほろう行動部	对空部
新えりー都治安局	新艾利都治安局
新エリ都治安局	新艾利都治安局
新えり都治安局	新艾利都治安局
新えりー都防衛軍	新艾利都防卫军
新エリ都防衛軍	新艾利都防卫军
新えり都防衛軍	新艾利都防卫军
治安局･特務捜査班	治安局·刑侦特勤组
治安局特務捜査班	治安局·刑侦特勤组
治安局･都市秩序部	治安局·都市秩序部
治安局都市秩序部	治安局·都市秩序部
防衛軍・おぼるす小隊	防卫军·奥波勒斯小队
防衛軍･オボルス小隊	防卫军·奥波勒斯小队
防衛軍オボルス小隊	防卫军·奥波勒斯小队
防衛軍おぼるす小隊	防卫军·奥波勒斯小队
防衛軍・しるばー小隊	防卫军·白银小队
防衛軍・シルバ小隊	防卫军·白银小队
防衛軍・しるば小隊	防卫军·白银小队
防衛軍･シルバー小隊	防卫军·白银小队
防衛軍シルバー小隊	防卫军·白银小队
防衛軍しるばー小隊	防卫军·白银小队
ゔぃくとりあ家政	维多利亚家政
かりゅどーんの子	卡吕冬之子
カリュドンの子	卡吕冬之子
かりゅどんの子	卡吕冬之子
おぼるす小隊	奥波勒斯小队
対ほろう六課	对空六课
もっきんばーど	反舌鸟
モッキンバド	反舌鸟
もっきんばど	反舌鸟
くらんぷすの黒枝	坎卜斯黑枝
妄想えんじぇる	妄想天使
ろすかりふぁ	罗斯凯利法
さんぶりんがー	挽昼
サンブリンガ	挽昼
さんぶりんが	挽昼
どらきな・さんぶりんがー	德蕾琪娜·挽昼
ドラキナ・サンブリンガ	德蕾琪娜·挽昼
どらきな・さんぶりんが	德蕾琪娜·挽昼
ドラキナ･サンブリンガー	德蕾琪娜·挽昼
ドラキナサンブリンガー	德蕾琪娜·挽昼
どらきなさんぶりんがー	德蕾琪娜·挽昼
えるだ・さんぶりんがー	艾尔妲·挽昼
エルダ・サンブリンガ	艾尔妲·挽昼
えるだ・さんぶりんが	艾尔妲·挽昼
エルダ･サンブリンガー	艾尔妲·挽昼
エルダサンブリンガー	艾尔妲·挽昼
えるださんぶりんがー	艾尔妲·挽昼
りんどゔぇるぬ・さんぶりんがー	林德薇恩·挽昼
リンドヴェルヌ・サンブリンガ	林德薇恩·挽昼
りんどゔぇるぬ・さんぶりんが	林德薇恩·挽昼
リンドヴェルヌ･サンブリンガー	林德薇恩·挽昼
リンドヴェルヌサンブリンガー	林德薇恩·挽昼
りんどゔぇるぬさんぶりんがー	林德薇恩·挽昼
まるせるぐるーぷ	玛瑟尔集团
マルセルグルプ	玛瑟尔集团
まるせるぐるぷ	玛瑟尔集团
るみなすくえあ	光映广场
ばれえついんず前	芭莱大厦前
すこっと前哨基地	斯科特哨站
すかもーるほろう	斯卡莫空洞
スカモルホロウ	斯卡莫空洞
すかもるほろう	斯卡莫空洞
くりてぃ	克里特
らまにあん	莱姆尼安
はわーら	哈瓦瑞
ハワラ	哈瓦瑞
はわら	哈瓦瑞
ぷるせなす	珀塞纳斯
そろぶ	索洛夫
ぱぱご	帕帕戈
だっしゅ攻撃	冲刺攻击
くいっく支援	快速支援
ぱりぃ支援	招架支援
特殊すきる	特殊技
強化特殊すきる	强化特殊技
連携すきる	连携技
終結すきる	终结技
こあすきる	核心技
ぶれいく	失衡
ぶれいく値	失衡值
ぶれいく弱体倍率	失衡易伤倍率
でしべる値	喧响值
みあずましーるど	秽盾
ミアズマシルド	秽盾
みあずましるど	秽盾
透徹だめーじ	贯穿伤害
透徹ダメジ	贯穿伤害
透徹だめじ	贯穿伤害
あどれなりん	闪能
会心だめーじ	暴击伤害
会心ダメジ	暴击伤害
会心だめじ	暴击伤害
異常ますたりー	异常精通
異常マスタリ	异常精通
異常ますたり	异常精通
えねるぎー自動回復	能量自动回复
エネルギ自動回復	能量自动回复
えねるぎ自動回復	能量自动回复
えきすぱーと挑戦	专业挑战室
エキスパト挑戦	专业挑战室
えきすぱと挑戦	专业挑战室
えーじぇんと秘話	代理人秘闻
エジェント秘話	代理人秘闻
えじぇんと秘話	代理人秘闻
信頼いべんと	信赖事件
ばとるらりー依頼	拉力委托
バトルラリ依頼	拉力委托
ばとるらり依頼	拉力委托
すとーりー依頼	剧情委托
ストリ依頼	剧情委托
すとり依頼	剧情委托
れぞぶれむ	鸣徽
ぼんぷのぷらぐいん	邦布插件
ぎあこいん	齿轮硬币
調査ぽいんと	调查点数
えーてる電解液	以太电解液
エテル電解液	以太电解液
えてる電解液	以太电解液
えねるぎー循環液	能量循环液
エネルギ循環液	能量循环液
えねるぎ循環液	能量循环液
高活性えねるぎー供給液	高活性供能液
高活性エネルギ供給液	高活性供能液
高活性えねるぎ供給液	高活性供能液
まるせる製改造ゆにっと	玛瑟尔改装原件
あきら	哲
りん	铃
あんびー	安比
アンビ	安比
あんび	安比
にこ	妮可
びりー	比利
ビリ	比利
びり	比利
かりん	可琳
ふぉん・らいかん	冯·莱卡恩
フォン･ライカン	冯·莱卡恩
フォンライカン	冯·莱卡恩
ふぉんらいかん	冯·莱卡恩
らいかん	莱卡恩
りな	丽娜
くれた	珂蕾妲
ぐれーす	格莉丝
グレス	格莉丝
ぐれす	格莉丝
あんどー	安东
アンド	安东
あんど	安东
べん	本
るーしー	露西
ルシ	露西
るし	露西
ぱいぱー	派派
パイパ	派派
ぱいぱ	派派
しーざー	凯撒
シザ	凯撒
しざ	凯撒
ばーにす	柏妮思
バニス	柏妮思
ばにす	柏妮思
らいと	莱特
ぷるくら	波可娜
じぇーん	简
ジェン	简
じぇん	简
せす	赛斯
11号	11号
0号・あんびー	零号·安比
0号・アンビ	零号·安比
0号・あんび	零号·安比
0号･アンビー	零号·安比
0号アンビー	零号·安比
0号あんびー	零号·安比
「とりがー」	扳机
「トリガ」	扳机
「とりが」	扳机
トリガー	扳机
「しーど」	席德
「シド」	席德
「しど」	席德
シード	席德
おるぺうす&「鬼火」	奥菲丝&「鬼火」
あすとら	耀嘉音
いゔりん	伊芙琳
びびあん	薇薇安
ひゅーご	雨果
ヒュゴ	雨果
ひゅご	雨果
ありす	爱丽丝
りゅしあ	卢西娅
ありあ	爱芮
のるむー	诺姆
ノルム	诺姆
のるむ	诺姆
ゔぇりな	维琳娜
だいありん	琉音
しーしぃあ	希希芙
シシィア	希希芙
ししぃあ	希希芙
ぷろめいあ	普罗米娅
ぴゅろいす	佩洛伊斯
いどりー	伊德海莉
イドリ	伊德海莉
いどり	伊德海莉
しぐりっど	希格莉德
れみえーる	蕾米埃尔
レミエル	蕾米埃尔
れみえる	蕾米埃尔
すたーらいと・びりー・きっど	星徽·比利·奇德
スタライト・ビリ・キッド	星徽·比利·奇德
すたらいと・びり・きっど	星徽·比利·奇德
スターライトビリーキッド	星徽·比利·奇德
すたーらいとびりーきっど	星徽·比利·奇德
ぱいぱー・うぃーる	派派·韦尔
パイパ・ウィル	派派·韦尔
ぱいぱ・うぃる	派派·韦尔
パイパー･ウィール	派派·韦尔
パイパーウィール	派派·韦尔
ぱいぱーうぃーる	派派·韦尔
かりん・うぃくす	可琳·威克斯
カリン･ウィクス	可琳·威克斯
カリンウィクス	可琳·威克斯
かりんうぃくす	可琳·威克斯
るしあーな・で・もんてふぃーの	露西亚娜·德·蒙特夫
ルシアナ・デ・モンテフィノ	露西亚娜·德·蒙特夫
るしあな・で・もんてふぃの	露西亚娜·德·蒙特夫
ルシアーナ･デ･モンテフィーノ	露西亚娜·德·蒙特夫
ルシアーナデモンテフィーノ	露西亚娜·德·蒙特夫
るしあーなでもんてふぃーの	露西亚娜·德·蒙特夫
のるむー・ほろーうぇる	诺姆·霍洛维尔
ノルム・ホロウェル	诺姆·霍洛维尔
のるむ・ほろうぇる	诺姆·霍洛维尔
ノルムー･ホローウェル	诺姆·霍洛维尔
ノルムーホローウェル	诺姆·霍洛维尔
のるむーほろーうぇる	诺姆·霍洛维尔
くれた・べろぼーぐ	珂蕾妲·贝洛伯格
クレタ・ベロボグ	珂蕾妲·贝洛伯格
くれた・べろぼぐ	珂蕾妲·贝洛伯格
クレタ･ベロボーグ	珂蕾妲·贝洛伯格
クレタベロボーグ	珂蕾妲·贝洛伯格
くれたべろぼーぐ	珂蕾妲·贝洛伯格
ありす・たいむふぃーるど	爱丽丝·泰姆菲尔德
アリス・タイムフィルド	爱丽丝·泰姆菲尔德
ありす・たいむふぃるど	爱丽丝·泰姆菲尔德
アリス･タイムフィールド	爱丽丝·泰姆菲尔德
アリスタイムフィールド	爱丽丝·泰姆菲尔德
ありすたいむふぃーるど	爱丽丝·泰姆菲尔德
あんびー・でまら	安比·德玛拉
アンビ・デマラ	安比·德玛拉
あんび・でまら	安比·德玛拉
アンビー･デマラ	安比·德玛拉
アンビーデマラ	安比·德玛拉
あんびーでまら	安比·德玛拉
おるぺうす･まぐぬっそん&「鬼火」	奥菲丝·马格努森& 「鬼火」
オルペウス・マグヌッソン&「鬼火」	奥菲丝·马格努森& 「鬼火」
オルペウスマグヌッソン&「鬼火」	奥菲丝·马格努森& 「鬼火」
おるぺうすまぐぬっそん&「鬼火」	奥菲丝·马格努森& 「鬼火」
ばーにす・ほわいと	柏妮思·怀特
バニス・ホワイト	柏妮思·怀特
ばにす・ほわいと	柏妮思·怀特
バーニス･ホワイト	柏妮思·怀特
バーニスホワイト	柏妮思·怀特
ばーにすほわいと	柏妮思·怀特
えれん・じょー	艾莲·乔
エレン・ジョ	艾莲·乔
えれん・じょ	艾莲·乔
エレン･ジョー	艾莲·乔
エレンジョー	艾莲·乔
えれんじょー	艾莲·乔
りゅしあ・えろうぇん	卢西娅·艾洛温
リュシア･エロウェン	卢西娅·艾洛温
リュシアエロウェン	卢西娅·艾洛温
りゅしあえろうぇん	卢西娅·艾洛温
にこ・でまら	妮可·德玛拉
ニコ･デマラ	妮可·德玛拉
ニコデマラ	妮可·德玛拉
にこでまら	妮可·德玛拉
れみえーる・だん	蕾米埃尔·丹
レミエル・ダン	蕾米埃尔·丹
れみえる・だん	蕾米埃尔·丹
レミエール･ダン	蕾米埃尔·丹
レミエールダン	蕾米埃尔·丹
れみえーるだん	蕾米埃尔·丹
びびあん・ばんしー	薇薇安·班希
ビビアン・バンシ	薇薇安·班希
びびあん・ばんし	薇薇安·班希
ビビアン･バンシー	薇薇安·班希
ビビアンバンシー	薇薇安·班希
びびあんばんしー	薇薇安·班希
あすとら・やお	耀嘉音
アストラ･ヤオ	耀嘉音
アストラヤオ	耀嘉音
あすとらやお	耀嘉音
きんぐ・しーざー	凯撒·金
キング・シザ	凯撒·金
きんぐ・しざ	凯撒·金
キング･シーザー	凯撒·金
キングシーザー	凯撒·金
きんぐしーざー	凯撒·金
いゔりん・しぇゔぁりえ	伊芙琳·舒瓦利耶
イヴリン･シェヴァリエ	伊芙琳·舒瓦利耶
イヴリンシェヴァリエ	伊芙琳·舒瓦利耶
いゔりんしぇゔぁりえ	伊芙琳·舒瓦利耶
じぇーん・どぅ	简·杜
ジェン・ドゥ	简·杜
じぇん・どぅ	简·杜
ジェーン･ドゥ	简·杜
ジェーンドゥ	简·杜
じぇーんどぅ	简·杜
ぐれーす・はわーど	格莉丝·霍华德
グレス・ハワド	格莉丝·霍华德
ぐれす・はわど	格莉丝·霍华德
グレース･ハワード	格莉丝·霍华德
グレースハワード	格莉丝·霍华德
ぐれーすはわーど	格莉丝·霍华德
ぷるくら・ふぇりーに	波可娜·费雷尼
プルクラ・フェリニ	波可娜·费雷尼
ぷるくら・ふぇりに	波可娜·费雷尼
プルクラ･フェリーニ	波可娜·费雷尼
プルクラフェリーニ	波可娜·费雷尼
ぷるくらふぇりーに	波可娜·费雷尼
あなすてら	安娜塔莎
どりしら	杜苏拉
あれくさんどりな・せばすちゃん	亚历山德丽娜·莎芭丝缇安
アレクサンドリナ･セバスチャン	亚历山德丽娜·莎芭丝缇安
アレクサンドリナセバスチャン	亚历山德丽娜·莎芭丝缇安
あれくさんどりなせばすちゃん	亚历山德丽娜·莎芭丝缇安
しぐりっど・どぅ・らずーる	希格莉德·德拉叙尔
シグリッド・ドゥ・ラズル	希格莉德·德拉叙尔
しぐりっど・どぅ・らずる	希格莉德·德拉叙尔
シグリッド･ドゥ･ラズール	希格莉德·德拉叙尔
シグリッドドゥラズール	希格莉德·德拉叙尔
しぐりっどどぅらずーる	希格莉德·德拉叙尔
ゔぇりな・えがーど	维琳娜·艾嘉德
ヴェリナ・エガド	维琳娜·艾嘉德
ゔぇりな・えがど	维琳娜·艾嘉德
ヴェリナ･エガード	维琳娜·艾嘉德
ヴェリナエガード	维琳娜·艾嘉德
ゔぇりなえがーど	维琳娜·艾嘉德
いどりー・まーふぃー	伊德海莉·墨菲
イドリ・マフィ	伊德海莉·墨菲
いどり・まふぃ	伊德海莉·墨菲
イドリー･マーフィー	伊德海莉·墨菲
イドリーマーフィー	伊德海莉·墨菲
いどりーまーふぃー	伊德海莉·墨菲
せす・ろーうぇる	赛斯·洛威尔
セス・ロウェル	赛斯·洛威尔
せす・ろうぇる	赛斯·洛威尔
セス･ローウェル	赛斯·洛威尔
セスローウェル	赛斯·洛威尔
せすろーうぇる	赛斯·洛威尔
ひゅーご・ゔらど	雨果·维拉德
ヒュゴ・ヴラド	雨果·维拉德
ひゅご・ゔらど	雨果·维拉德
ヒューゴ･ヴラド	雨果·维拉德
ヒューゴヴラド	雨果·维拉德
ひゅーごゔらど	雨果·维拉德
あんどー・いわのふ	安东·伊万诺夫
アンド・イワノフ	安东·伊万诺夫
あんど・いわのふ	安东·伊万诺夫
アンドー･イワノフ	安东·伊万诺夫
アンドーイワノフ	安东·伊万诺夫
あんどーいわのふ	安东·伊万诺夫
べん・びがー	本·比格
ベン・ビガ	本·比格
べん・びが	本·比格
ベン･ビガー	本·比格
ベンビガー	本·比格
べんびがー	本·比格
びりー・きっど	比利·奇德
ビリ・キッド	比利·奇德
びり・きっど	比利·奇德
ビリー･キッド	比利·奇德
ビリーキッド	比利·奇德
びりーきっど	比利·奇德
すたーらいと･びりー･きっど	星徽·比利·奇德
スタライト･ビリ･キッド	星徽·比利·奇德
すたらいと･びり･きっど	星徽·比利·奇德
ぺんぎんぼんぷ	企鹅布
おまねきぼんぷ	招财布
たんけんぼんぷ	寻宝布
おすもうぼんぷ	扑击布
はこいりぼんぷ	纸壳布
ふくろのぼんぷ	纸袋布
うるりんぼんぷ	泪眼布
あぼかどぼんぷ	果核布
ずばっとぼんぷ	飞靶布
びりびりぼんぷ	电击布
くっつきぼんぷ	磁力布
きあつでぼんぷ	气压布
かちこみぼんぷ	不良布
さびざんぼんぷ	加班布
かくとうぼんぷ	格斗布
せいけんぼんぷ	圣剑布
きしどうぼんぷ	骑士布
ぶろっくぼんぷ	乐玩布
ゆうれいぼんぷ	幽浮布
がぶっとぼんぷ	鲨牙布
ごあんぜん	阿全
あくまでぼんぷ	恶魔布
ばとらー	巴特勒
バトラ	巴特勒
ばとら	巴特勒
あみりおん	艾米莉安
はやすぎぼんぷ	飚速布
ぷらぐのぼんぷ	插头布
れぞなんぼんぷ	共鸣布
こさん	阿饭
真紅のもっくす	赤红莫库斯
つぇい巡査	阿崔巡查
りぼるばぼんぷ	左轮布
がりばー隊員	格列佛探员
ガリバ隊員	格列佛探员
がりば隊員	格列佛探员
かちゃこ	咔嚓仔
ろびん	罗宾
おしし	狮耶
みす・えすめ	艾丝弥小姐
ミス･エスメ	艾丝弥小姐
ミスエスメ	艾丝弥小姐
みすえすめ	艾丝弥小姐
「まーきゅりー」	「墨丘利」
「マキュリ」	「墨丘利」
「まきゅり」	「墨丘利」
マーキュリー	「墨丘利」
びゃーくぶりっく	比克布利克
ビャクブリック	比克布利克
びゃくぶりっく	比克布利克
めめ	芽芽
うるとらねいゔ	超极杰克
ありえる	艾瑞儿
さんくん・こりどー	沉没回廊
サンクン・コリド	沉没回廊
さんくん・こりど	沉没回廊
サンクン･コリドー	沉没回廊
サンクンコリドー	沉没回廊
さんくんこりどー	沉没回廊
ろすうぃっく	罗斯威克
えねるぎー区	能源区
エネルギ区	能源区
えねるぎ区	能源区
こみゅにてぃ物流すてーしょん	社区储运站
コミュニティ物流ステション	社区储运站
こみゅにてぃ物流すてしょん	社区储运站
粗加工せんたー	粗加工中心
粗加工センタ	粗加工中心
粗加工せんた	粗加工中心
のんびりあぱーと	轻松公寓
のんびりアパト	轻松公寓
のんびりあぱと	轻松公寓
航空宇宙科学すてーしょん	航天科学站
航空宇宙科学ステション	航天科学站
航空宇宙科学すてしょん	航天科学站
町	「小镇」
かりねす	卡利内斯
ひるで	希尔达
れじなるど・あしゅとん	雷金纳德·阿什顿
レジナルド･アシュトン	雷金纳德·阿什顿
レジナルドアシュトン	雷金纳德·阿什顿
れじなるどあしゅとん	雷金纳德·阿什顿
ゔぁいおれっと	维奥莉特
すぺいしー	史派茜小姐
スペイシ	史派茜小姐
すぺいし	史派茜小姐
てぃん	汀曼大师
みすたー・がお	吼吼先生
ミスタ・ガオ	吼吼先生
みすた・がお	吼吼先生
ミスター･ガオ	吼吼先生
ミスターガオ	吼吼先生
みすたーがお	吼吼先生
くろう	科洛
かっと	咔特
めーぷる	枫糖
メプル	枫糖
めぷる	枫糖
ふぃねら	菲涅拉
めりざんど	梅丽桑德
けいてぃ	凯缇
まぎー	麦琪
マギ	麦琪
まぎ	麦琪
しゃーりー	夏诺儿
シャリ	夏诺儿
しゃり	夏诺儿
「ぼんぴゅーたー」	「运算中枢」
「ボンピュタ」	「运算中枢」
「ぼんぴゅた」	「运算中枢」
ボンピューター	「运算中枢」
ぐりふ・あしゅとん	格里夫·阿什顿
グリフ･アシュトン	格里夫·阿什顿
グリフアシュトン	格里夫·阿什顿
ぐりふあしゅとん	格里夫·阿什顿
つぇっぺりん	杰佩琳
みしんのぼんぷ	咔叽布
預言者様	先知布
「ぶーすぱい」	「斯派布」
「ブスパイ」	「斯派布」
「ぶすぱい」	「斯派布」
ブースパイ	「斯派布」
「ふぉーぷす」	「富布斯」
「フォプス」	「富布斯」
「ふぉぷす」	「富布斯」
フォープス	「富布斯」
「ぶでぃあっく」	「布狄亚」
ブディアック	「布狄亚」
とりゔぃあ	特里薇亚
くられった	克拉蕾
こーら	柯拉
コラ	柯拉
こら	柯拉
けいでん	凯登
えどわると	爱德华
うっどぺっかー・えれくとろ	啄木鸟电音
ウッドペッカ・エレクトロ	啄木鸟电音
うっどぺっか・えれくとろ	啄木鸟电音
ウッドペッカー･エレクトロ	啄木鸟电音
ウッドペッカーエレクトロ	啄木鸟电音
うっどぺっかーえれくとろ	啄木鸟电音
ぱふぁー・えれくとろ	河豚电音
パファ・エレクトロ	河豚电音
ぱふぁ・えれくとろ	河豚电音
パファー･エレクトロ	河豚电音
パファーエレクトロ	河豚电音
ぱふぁーえれくとろ	河豚电音
しょっくすたー・でぃすこ	震星迪斯科
ショックスタ・ディスコ	震星迪斯科
しょっくすた・でぃすこ	震星迪斯科
ショックスター･ディスコ	震星迪斯科
ショックスターディスコ	震星迪斯科
しょっくすたーでぃすこ	震星迪斯科
ふりーだむ・ぶるーす	自由蓝调
フリダム・ブルス	自由蓝调
ふりだむ・ぶるす	自由蓝调
フリーダム･ブルース	自由蓝调
フリーダムブルース	自由蓝调
ふりーだむぶるーす	自由蓝调
ほるもん・ぱんく	激素朋克
ホルモン･パンク	激素朋克
ホルモンパンク	激素朋克
ほるもんぱんく	激素朋克
そうる・ろっく	灵魂摇滚
ソウル･ロック	灵魂摇滚
ソウルロック	灵魂摇滚
そうるろっく	灵魂摇滚
すいんぐ・じゃず	摇摆爵士
スイング･ジャズ	摇摆爵士
スイングジャズ	摇摆爵士
すいんぐじゃず	摇摆爵士
けいおす・じゃず	混沌爵士
ケイオス･ジャズ	混沌爵士
ケイオスジャズ	混沌爵士
けいおすじゃず	混沌爵士
ぷろと・ぱんく	原始朋克
プロト･パンク	原始朋克
プロトパンク	原始朋克
ぷろとぱんく	原始朋克
炎獄のへゔぃめたる	炎狱重金属
混沌のへゔぃめたる	混沌重金属
霹靂のへゔぃめたる	雷暴重金属
極地のへゔぃめたる	极地重金属
獣牙のへゔぃめたる	獠牙重金属
静寂のあすとら	静听嘉音
しゃどうはーもにー	如影相随
シャドウハモニ	如影相随
しゃどうはもに	如影相随
「ぱえとーん」の歌	法厄同之歌
「パエトン」の歌	法厄同之歌
「ぱえとん」の歌	法厄同之歌
流光のありあ	流光咏叹
雪うさぎわんだーらんど	雪兔梦游仙境
雪うさぎワンダランド	雪兔梦游仙境
雪うさぎわんだらんど	雪兔梦游仙境
風鳴りのさろん	呼啸沙龙
でまら式電池Ⅱ型	德玛拉电池Ⅱ型
ざ・ぼーると	聚宝箱
ザ・ボルト	聚宝箱
ざ・ぼると	聚宝箱
ザ･ボールト	聚宝箱
ザボールト	聚宝箱
ざぼーると	聚宝箱
Test-A-るしあ-1051	Test-A-露西亚-1051
はうすきーぱー	家政员
ハウスキパ	家政员
はうすきぱ	家政员
なんちゃってすたーらいとえんじん	仿制星徽引擎
なんちゃってスタライトエンジン	仿制星徽引擎
なんちゃってすたらいとえんじん	仿制星徽引擎
どりるりぐ-れっどしゃふと	旋钻机-赤轴
びがー・しりんだー	比格气缸
ビガ・シリンダ	比格气缸
びが・しりんだ	比格气缸
ビガー･シリンダー	比格气缸
ビガーシリンダー	比格气缸
びがーしりんだー	比格气缸
喧嘩腰のぼんばるだむ	好斗的阿炮
秩序の守り手･特化型	维序者-特化型
秩序の守り手特化型	维序者-特化型
ぐろうる・まい・かー	轰鸣座驾
グロウル・マイ・カ	轰鸣座驾
ぐろうる・まい・か	轰鸣座驾
グロウル･マイ･カー	轰鸣座驾
グロウルマイカー	轰鸣座驾
ぐろうるまいかー	轰鸣座驾
ぺーぱーかったー	裁纸刀
ペパカッタ	裁纸刀
ぺぱかった	裁纸刀
すとりーとすたー	街头巨星
ストリトスタ	街头巨星
すとりとすた	街头巨星
すたーらいとえんじん	星徽引擎
スタライトエンジン	星徽引擎
すたらいとえんじん	星徽引擎
貴重な石化こあ	贵重骨核
電撃りっぷぐろす	触电唇彩
らびっとちゃーじゃー	兔能环
ラビットチャジャ	兔能环
らびっとちゃじゃ	兔能环
ほっとすぷりんぐ	春日融融
魔法の立体ぱずる	幻变魔方
金めっきの花信	鎏金花信
えれくとろうぉーく	电波漫步
エレクトロウォク	电波漫步
えれくとろうぉく	电波漫步
強音でざいあ	强音热望
光と影のかっと	光影刻刀
どんかつえこー	咚哒回声
ドンカツエコ	咚哒回声
どんかつえこ	咚哒回声
きゃのんろーらー	加农转子
キャノンロラ	加农转子
きゃのんろら	加农转子
げーむぼーる	逍遥游球
ゲムボル	逍遥游球
げむぼる	逍遥游球
しっくすしゅーたー	左轮转子
シックスシュタ	左轮转子
しっくすしゅた	左轮转子
ぶりむすとーん	硫磺石
ブリムストン	硫磺石
ぶりむすとん	硫磺石
せいれーんくれーどる	海妖摇篮
セイレンクレドル	海妖摇篮
せいれんくれどる	海妖摇篮
猛進するきば	奔袭獠牙
燃獄ぎあ	燃狱齿轮
ばーにんぐ・しぇいかー	灼心摇壶
バニング・シェイカ	灼心摇壶
ばにんぐ・しぇいか	灼心摇壶
バーニング･シェイカー	灼心摇壶
バーニングシェイカー	灼心摇壶
ばーにんぐしぇいかー	灼心摇壶
複合こんぱいら	嵌合编译器
でぃーぷしー・びじたー	深海访客
ディプシ・ビジタ	深海访客
でぃぷし・びじた	深海访客
ディープシー･ビジター	深海访客
ディープシービジター	深海访客
でぃーぷしーびじたー	深海访客
さぷれっさーⅥ型	防暴者Ⅵ型
サプレッサⅥ型	防暴者Ⅵ型
さぷれっさⅥ型	防暴者Ⅵ型
優美のゔぁにてぃ	玲珑妆匣
心弦ののくたーん	心弦夜响
心弦のノクタン	心弦夜响
心弦ののくたん	心弦夜响
妄想でぃすこてっく	霓虹妄想
すたーらいとばいざー	辉骑面铠
スタライトバイザ	辉骑面铠
すたらいとばいざ	辉骑面铠
ふろすと・くれせんと	朔月裁霜
フロスト･クレセント	朔月裁霜
フロストクレセント	朔月裁霜
ふろすとくれせんと	朔月裁霜
えーすのおとも	首席跟班
エスのオトモ	首席跟班
えすのおとも	首席跟班
らいぶはうす「404」	「404」音乐现场
ふぁんたじぃ・りぞーと	绮梦度假村
ファンタジィ・リゾト	绮梦度假村
ふぁんたじぃ・りぞと	绮梦度假村
ファンタジィ･リゾート	绮梦度假村
ファンタジィリゾート	绮梦度假村
ふぁんたじぃりぞーと	绮梦度假村
すたーるーぷ	星环
スタルプ	星环
すたるぷ	星环
流光ほーる	流光大厅
流光ホル	流光大厅
流光ほる	流光大厅
すたーるーぷ・VIPぼっくす席	星环VIP包厢
スタルプ・VIPボックス席	星环VIP包厢
すたるぷ・VIPぼっくす席	星环VIP包厢
スターループ･VIPボックス席	星环VIP包厢
スターループVIPボックス席	星环VIP包厢
すたーるーぷVIPぼっくす席	星环VIP包厢
HIAせんたー	HIA俱乐部
HIAセンタ	HIA俱乐部
HIAせんた	HIA俱乐部
対ほろう六課おふぃす	对空六课办公室
こくすい基地	黑水基地
おーもんど調査基地	奥蒙德研究站
オモンド調査基地	奥蒙德研究站
おもんど調査基地	奥蒙德研究站
ぶれいずうっど	野火镇
ぽーと・えるぴす	厄匹斯港
ポト・エルピス	厄匹斯港
ぽと・えるぴす	厄匹斯港
ポート･エルピス	厄匹斯港
ポートエルピス	厄匹斯港
ぽーとえるぴす	厄匹斯港
りばーぶ・ありーな	热望角
リバブ・アリナ	热望角
りばぶ・ありな	热望角
リバーブ･アリーナ	热望角
リバーブアリーナ	热望角
りばーぶありーな	热望角
びでお屋	录像店
協会きゃりあせんたー	协会俱乐部
協会キャリアセンタ	协会俱乐部
協会きゃりあせんた	协会俱乐部
フォン	冯
ふぉん	冯
ウィール	韦尔
うぃーる	韦尔
ウィクス	威克斯
うぃくす	威克斯
ルシアーナ	露西亚娜
るしあーな	露西亚娜
モンテフィーノ	蒙特夫
もんてふぃーの	蒙特夫
ホローウェル	霍洛维尔
ほろーうぇる	霍洛维尔
ベロボーグ	贝洛伯格
べろぼーぐ	贝洛伯格
猫宮	猫宫
又奈	又奈
ネコマタ	猫又
ねこまた	猫又
マナ	又奈
まな	又奈
タイムフィールド	泰姆菲尔德
たいむふぃーるど	泰姆菲尔德
デマラ	德玛拉
でまら	德玛拉
オルペウス	奥菲丝
おるぺうす	奥菲丝
マグヌッソン	马格努森
まぐぬっそん	马格努森
鬼火	鬼火
ホワイト	怀特
ほわいと	怀特
エレン	艾莲
えれん	艾莲
ジョー	乔
じょー	乔
エロウェン	艾洛温
えろうぇん	艾洛温
ダン	丹
だん	丹
バンシー	班希
ばんしー	班希
ヤオ	耀嘉音
やお	耀嘉音
キング	金
きんぐ	金
シェヴァリエ	舒瓦利耶
しぇゔぁりえ	舒瓦利耶
ドゥ	杜
どぅ	杜
ハワード	霍华德
はわーど	霍华德
フェリーニ	费雷尼
ふぇりーに	费雷尼
アレクサンドリナ	亚历山德丽娜
あれくさんどりな	亚历山德丽娜
セバスチャン	莎芭丝缇安
せばすちゃん	莎芭丝缇安
ラズール	拉叙尔
らずーる	拉叙尔
エガード	艾嘉德
えがーど	艾嘉德
マーフィー	墨菲
まーふぃー	墨菲
ローウェル	洛威尔
ろーうぇる	洛威尔
ヴラド	维拉德
ゔらど	维拉德
イワノフ	伊万诺夫
いわのふ	伊万诺夫
ビガー	比格
びがー	比格
キッド	奇德
きっど	奇德
スターライト	星徽
すたーらいと	星徽
ドラキナ	德蕾琪娜
どらきな	德蕾琪娜
エルダ	艾尔妲
えるだ	艾尔妲
リンドヴェルヌ	林德薇恩
りんどゔぇるぬ	林德薇恩
レジナルド	雷金纳德
れじなるど	雷金纳德
グリフ	格里夫
ぐりふ	格里夫
アシュトン	阿什顿
あしゅとん	阿什顿
星見	星见
雅	雅
月城	月城
柳	柳
浅羽	浅羽
悠真	悠真
狛野	狛野
真斗	真斗
浮波	浮波
柚葉	柚叶
ゼンゼロ	绝区零
ぜんぜろ	绝区零
しんえりーと	新艾利都
シンエリート	新艾利都
新エリート	新艾利都
きゅうと	旧都
キュート	旧都
急都	旧都
ホロー	空洞
空同	空洞
空道	空洞
ぜろごうほろう	零号空洞
れいごうほろう	零号空洞
ゼロ号ホロウ	零号空洞
0号ホロウ	零号空洞
きょうせいほろう	伴生空洞
しんしょく	侵蚀
侵食	侵蚀
プロクシ	绳匠
プロキシー	绳匠
ファエトン	法厄同
ふぁえとん	法厄同
ボンブ	邦布
ボンプー	邦布
おんどうき	音擎
音導機	音擎
音導器	音擎
音動器	音擎
ドライブディスク	驱动盘
ドライバーディスク	驱动盘
ディーニー	丁尼
しきよ	式舆
しきよぼうえいせん	式舆防卫战
式与	式舆
式与防衛戦	式舆防卫战
ききょくきょうしゅうせん	危局强袭战
ようけいかり	恶名狩猎
じゃとや	狡兔屋
じゃ兎屋	狡兔屋
邪兎や	狡兔屋
はくぎじゅうこう	白祇重工
かりゅどーんのこ	卡吕冬之子
カリドーンの子	卡吕冬之子
おぼるすしょうたい	奥波勒斯小队
たいほろうろっか	对空六课
対ホロウ6課	对空六课
とくむそうさはん	刑侦特勤组
うんがくさん	云岿山
かいだんや	怪啖屋
くらんぷすのくろえだ	坎卜斯黑枝
もうそうえんじぇる	妄想天使
ろくぶんがい	六分街
ばれえついんずまえ	芭莱大厦前
すこっとぜんしょうきち	斯科特哨站
こうがい	外环
ぶつり	物理
ほのお	火
えん	火
こおり	冰
でんき	电
きょうこう	强攻
げきは	击破
いじょう	异常
しえん	支援
ぼうご	防护
めいは	命破
つうじょうこうげき	普通攻击
だっしゅこうげき	冲刺攻击
かいひはんげき	闪避反击
くいっくしえん	快速支援
ぱりぃしえん	招架支援
かいひしえん	回避支援
しえんとつげき	支援突击
しえんこうげき	支援攻击
とくしゅすきる	特殊技
きょうかとくしゅすきる	强化特殊技
れんけいすきる	连携技
しゅうけつすきる	终结技
しんしょうえいが	意象影画
じょうたいいじょう	属性异常
こんとん	紊乱
でしべる	喧响值
しゅえん	朱鸢
朱園	朱鸢
朱円	朱鸢
ちんいー	青衣
チンイ	青衣
ちんい	青衣
そうかく	苍角
ほしみ	星见
みやび	雅
ほしみみやび	星见雅
つきしろ	月城
やなぎ	柳
つきしろやなぎ	柳
あさば	浅羽
はるまさ	悠真
あさばはるまさ	悠真
いーしぇん	仪玄
イーシェン	仪玄
ちーふーふー	橘福福
チーフーフー	橘福福
ぱんいんふー	潘引壶
パンインフー	潘引壶
ようしゅんこう	叶瞬光
こまのまなと	狛野真斗
れいごうあんびー	零号·安比
ゼロ号アンビー	零号·安比
じゅういちごう	11号
トリガ	扳机
とりがー	扳机
しーど	席德
ロクシー・イフリータ・プライス	洛克茜·伊芙莉塔·普莱斯
ロクシー･イフリータ･プライス	洛克茜·伊芙莉塔·普莱斯
ロクシーイフリータプライス	洛克茜·伊芙莉塔·普莱斯
ロクシー	洛克茜
クラレッタ・フリンツ	克拉蕾·弗林特
クラレッタ･フリンツ	克拉蕾·弗林特
クラレッタフリンツ	克拉蕾·弗林特
クラレット	克拉蕾
スクラレッタ	克拉蕾
シグリット	希格莉德
シグニット	希格莉德
ピロイス	佩洛伊斯
シーシア	希希芙
プロメイヤー	普罗米娅
プロメイヤ	普罗米娅
ベギナ	维琳娜
グレッシュ	格莉丝
イヤス	伊埃斯
メミエル	蕾米埃尔
レミエリ	蕾米埃尔
サンムリンガー	挽昼
リンドベルル	林德薇恩
リンドベルネ	林德薇恩
ニンドベル	林德薇恩
ウリディンム	乌利迪姆
猟犬・ウリディンム	猎犬·乌利迪姆
ウリリム	乌利迪姆
迷い路の謎	迷宫诡域
ベーグル計画	贝果计划
ベイブル計画	贝果计划
オーモンド・フリンツ	奥蒙德·弗林特
オーモンド･フリンツ	奥蒙德·弗林特
オーモンドフリンツ	奥蒙德·弗林特
オーモンドフリンズ	奥蒙德·弗林特
オーモンドフリンチ	奥蒙德·弗林特
オーモンド	奥蒙德
ジョイアス	乔伊斯
フリンツ工房	弗林特工坊
フリンス工房	弗林特工坊
フリンツ	弗林特
ヴィルリウム	维尔乌姆
ビルリウム	维尔乌姆
業核	业核
ミスター・ゼット	Z先生
ミスターZ	Z先生
ミスターゼット	Z先生
シリオン	希人
パシャリ！フォーカスの陣！	咔嚓！焦点对决！
ポテンシャル解放	潜能解放
ポテ解	潜能解放
ゼロビー	零比
シルビー	希尔比
ライトさん	莱特
ライト様	莱特
ライト君	莱特
ベンさん	本
セス君	赛斯
セスさん	赛斯
グレイス	格莉丝
グレン	格莉丝
シシア	希希芙
シーシャー	凯撒
シフリッド	希格莉德
シフレット	希格莉德
ーシグリット	希格莉德
ロリ・シグリット	幼年希格莉德
ムクレンシグリット	零影希格莉德
イクラレット	克拉蕾
キュラレッタ	克拉蕾
ロクシ	洛克茜
ーロクシー	洛克茜
ロクシーガチャ	洛克茜卡池
クラレットロクシーリーナー	克拉蕾、洛克茜、丽娜
エアス	伊埃斯
ディミー	丁尼
チーニー	丁尼
パイトーン	法厄同
バイトン	法厄同
センゼロ	绝区零
ゼンレスオンゼロ	绝区零
ゼネスゾンゼロ	绝区零
ゼンゼル	绝区零
ゼンジャロ	绝区零
ルミナスクレア	光映广场
ルミナセンター	光映广场
エイテリアス	以骸
デーテリアス	以骸
アテリアス	以骸
ホーロー	空洞
バリクローム	菲林
ジェイン	简
トラキナ	德蕾琪娜
トラキナサンブリーダ	德蕾琪娜·挽昼
トラキナサンブリーダー	德蕾琪娜·挽昼
ドラキナサンブリンガ	德蕾琪娜·挽昼
ヒューズ	雨果
ヒューン	雨果
ヒエゴ	雨果
ライカー	莱卡恩
ランビー	安比
ヴィビアン	薇薇安
リビアン	薇薇安
ブラド	维拉德
サングリーター	挽昼
サムリンガー	挽昼
サムリンガ	挽昼
サンムリンガ	挽昼
ニヤビ	星见雅
ミヤビ	雅
シュウェン	朱鸢
チンイー	青衣
チーン	青衣
カリローン	卡吕冬之子
ラスタリファ	罗斯凯利法
ロスカリワ	罗斯凯利法
コンパイラー	嵌合编译器
エイジェル	妄想天使
妄想エイジェル	妄想天使
グロールマイカー	轰鸣座驾
ベイグル計画	贝果计划
ベイグル	贝果计划
ベーグル	贝果计划
パシャG	咔嚓G
パシャジー	咔嚓G
パシャリ	咔嚓
クール編	酷帅篇
シャープネス	锐利度
サプライズ上映企画	惊喜放映企划
ブロ騎士	布鲁骑士
ヘマタイトのコア	赤铁矿核心
空間の裂け目	空间裂隙
迷宮のキャロット	迷宫萝卜
秘密収容エリア	秘密收容区
オーレリア学院	奥蕾莉亚学院
空巡局	空巡局
空巡局総務官	空巡局总务官
ハンド	H.A.N.D.
ブレイブ	勇者
セシリア	塞西莉亚
エイタ	艾塔
エータ	艾塔
ナンソン	南森
ナンサ	南森
ルーニアス	鲁尼亚斯
ジョイ	乔伊斯
ミントケーキ	薄荷蛋糕
エスケベリー	艾丝凯贝莉
デスシマイナガ	德斯希玛伊纳加
セブリアン	塞布里安
セベリアン	塞布里安
コレクト	柯蕾特
ケッシー	凯茜
リンドベルヌ	林德薇恩
リンドベル	林德薇恩
リンドヴェルナ	林德薇恩
リンドヴェルノ	林德薇恩
ミントベルス	林德薇恩
フリンス	弗林特

# 2026-10-04: confirmed names and streamer-specific ASR variants from manual review.
# Streamer aliases below apply to Watanuki Bereto livestreams, not unrelated speakers.
四月一日	四月一日
わたぬき	四月一日
渡瀬	四月一日
渡瀬希	四月一日
渡木	四月一日
渡り木	四月一日
渡抜き	四月一日
渡敷	四月一日
ワトキ	四月一日
わたるき	四月一日
四月一日ベレト	四月一日贝雷特
渡瀬ベレト	四月一日贝雷特
# Keep the streamer's nickname distinct from her formal name.
ワタネキ	四月一日姐姐
わたねき	四月一日姐姐
ワタナキ	四月一日姐姐
ワタニキ	四月一日姐姐
# Roxy: do not map Lucy (ルーシー / 露西) or Koleda (珂蕾妲) to Roxy globally.
ろくしー	洛克茜
ロクシイ	洛克茜
ろくし	洛克茜
# Chinese mistranslations observed in the reviewed bilingual subtitles.
洛克希	洛克茜
洛克西	洛克茜
罗克西	洛克茜
# Claretta: avoid bare くられた, which can occur inside ordinary Japanese verbs.
クラレタ	克拉蕾
クラレッタ様	克拉蕾大人
くられた様	克拉蕾大人
克拉蕾妲	克拉蕾
可蕾塔	克拉蕾
